{
  "experiment_config": {},
  "round_metrics": {
    "round": [
      1,
      2,
      3,
      4,
      5,
      6,
      7,
      8,
      9,
      10
    ],
    "oracle_mean_reward": [
      6.282358969554579,
      6.275461507326193,
      6.764068937260866,
      7.042347957000238,
      7.003746169369563,
      6.7468207315313045,
      6.724038100794562,
      6.4146274223906445,
      6.877727326468316,
      6.983488838663883
    ],
    "oracle_max_reward": [
      8.486598269052003,
      8.241759955935715,
      8.07641519683048,
      8.244068809906059,
      8.06565918083281,
      8.276170171936696,
      8.447559239505269,
      8.628313416690688,
      8.832705631705998,
      8.248272100234129
    ],
    "oracle_min_reward": [
      1.948066933493517,
      0.7972806246502778,
      3.1912325675309545,
      3.307859404600309,
      4.856870760451036,
      4.814880703925289,
      3.417931931938468,
      2.2830242987213896,
      3.534292812451411,
      4.302780583637003
    ],
    "oracle_std_reward": [
      1.5599663367860361,
      1.5858120604754675,
      1.1189189493525504,
      1.0629388376217475,
      0.7656289159891718,
      0.896295764141202,
      1.2206143312674105,
      1.5617056638997064,
      1.1791769107383352,
      1.0250938404507417
    ],
    "policy_loss": [],
    "value_loss": [],
    "total_loss": [],
    "learning_rate": [
      0.0002723074641843674,
      0.00019980746418436736,
      0.00011019253581563262,
      3.769253581563263e-05,
      0.0003,
      0.0002723074641843674,
      0.00019980746418436736,
      0.00011019253581563262,
      3.769253581563263e-05,
      0.0003
    ],
    "gradient_norm": [],
    "sequence_diversity": [
      1.0,
      1.0,
      0.96875,
      0.96875,
      1.0,
      1.0,
      1.0,
      1.0,
      1.0,
      0.96875
    ],
    "model_r2_scores": [
      [
        -0.559042153535675,
        -0.521515524676342,
        -0.6689027654481642,
        -0.6689027654481642,
        -0.322276733077848,
        -1.064114661034759,
        -48.89000345073221,
        -0.29358691348734045
      ],
      [
        -0.1603097653556182,
        -0.21047328166411167,
        -0.34967294070472327,
        -0.35024958722623967,
        -0.40452329008470755,
        -0.19977433801492855,
        -0.19977433801492855,
        -0.8319821327534926,
        -0.08170464483842976,
        -0.08170464483842976,
        -0.10008608592852775
      ],
      [
        -0.18093216527536932,
        -0.3026917017181244,
        -0.2696951245547333,
        -0.26102126347810223,
        -0.42478631067036365,
        -0.2645317719530225,
        -0.2645317719530225,
        -0.9589640244399547,
        -0.10250400468483709,
        -0.10250400468483709,
        -0.1543926258113503
      ],
      [
        -0.05468543360850413,
        -0.02360948681606556,
        -0.002552131058833562,
        -0.004161178940890209,
        -0.19488320368060189,
        -0.14989381935488294,
        -0.14989381935488294,
        -0.9325107503453498,
        0.03857548024917856,
        0.03857548024917856,
        -0.2086686867094211
      ],
      [
        -0.1104091354922565,
        -0.16509539284872535,
        -0.07885155938846325,
        -0.07914464834901791,
        -0.46635590134110494,
        -0.10317671521403675,
        -0.10317671521403675,
        -0.6159828064302608,
        0.019896571735447434,
        0.019896571735447434,
        -0.20442720895763206
      ],
      [
        -0.018580972351276516,
        -0.005628062203645446,
        -0.015177329192478096,
        -0.01786605128553389,
        -0.08001252060627315,
        -0.07225150919765402,
        -0.07225150919765402,
        -0.70487299855186,
        -0.01619157506377571,
        -0.01619157506377571,
        -0.18880144227315515
      ],
      [
        0.04772457034005455,
        0.04314743802473966,
        0.03608000296516809,
        0.03931420768055653,
        0.015650079044920794,
        -0.042075248860106676,
        -0.042075248860106676,
        -0.29551541743978754,
        0.04641406051013153,
        0.04641406051013153,
        -0.14009601385500092
      ],
      [
        0.14869357483796433,
        0.11221731011714516,
        0.09136124427663646,
        0.09169753654516573,
        0.12990508011795765,
        -0.0028280885109844165,
        -0.0028280885109844165,
        -0.175959942190825,
        0.09313436664570915,
        0.09313436664570915,
        -0.0982834358906268
      ],
      [
        0.11763733165907098,
        0.13401108789694446,
        0.14368502453320303,
        0.14526688212202482,
        0.09768929399930845,
        0.09768929399930845,
        -0.20397170499322895,
        -0.09018105715536687,
        0.10059905314821371,
        0.10059905314821371,
        0.024020451999394066,
        0.024020451999394066,
        -0.1247728537402518,
        -46.10668826044533
      ],
      [
        0.1898536567925072,
        0.2085427204163824,
        0.1527835495950074,
        0.15159194493231426,
        0.1263723226605066,
        0.1263723226605066,
        -0.0590545584583005,
        -0.028723550045500822,
        0.20840134551592318,
        0.20840134551592318,
        0.05879258907607665,
        0.05879258907607665,
        -0.07296394129407686,
        -43.473767257405406
      ]
    ],
    "model_prediction_error": [],
    "exploration_rate": [
      0.3,
      0.3,
      0.3,
      0.28,
      0.25,
      0.22000000000000003,
      0.19000000000000003,
      0.08000000000000002,
      0.065,
      0.05000000000000002
    ],
    "kl_divergence": [],
    "entropy": [],
    "advantage_mean": [],
    "advantage_std": [],
    "value_accuracy": [],
    "timestamp": [
      "2025-09-22T21:40:23.967522",
      "2025-09-22T21:40:25.751262",
      "2025-09-22T21:40:27.384804",
      "2025-09-22T21:40:29.442803",
      "2025-09-22T21:40:31.231549",
      "2025-09-22T21:40:32.799015",
      "2025-09-22T21:40:35.127747",
      "2025-09-22T21:40:37.497810",
      "2025-09-22T21:40:40.661617",
      "2025-09-22T21:40:43.968841"
    ],
    "r2_thresholds": [
      -0.3,
      -0.29,
      -0.27999999999999997,
      -0.27,
      -0.26,
      -0.25,
      -0.24,
      -0.22999999999999998,
      -0.21999999999999997,
      -0.21
    ]
  },
  "update_metrics": {
    "update_idx": [
      0,
      1,
      2,
      3,
      4,
      5,
      6,
      7,
      0,
      0,
      0,
      1,
      2,
      3,
      4,
      5,
      6,
      7,
      0,
      0,
      0,
      1,
      2,
      3,
      0,
      0,
      0,
      1,
      2,
      3,
      0,
      1,
      0,
      1,
      0,
      1,
      0,
      0,
      0,
      0,
      0,
      0,
      0,
      0,
      1,
      2,
      0,
      1,
      0,
      1,
      0,
      1,
      0,
      1,
      0,
      1,
      0,
      1,
      0,
      1,
      0,
      1,
      0,
      1,
      0,
      1,
      0,
      1,
      0,
      1,
      0,
      1,
      0,
      1,
      0,
      1
    ],
    "round": [
      1,
      1,
      1,
      1,
      1,
      1,
      1,
      1,
      1,
      1,
      2,
      2,
      2,
      2,
      2,
      2,
      2,
      2,
      2,
      2,
      3,
      3,
      3,
      3,
      3,
      3,
      4,
      4,
      4,
      4,
      4,
      4,
      4,
      4,
      4,
      4,
      5,
      5,
      5,
      5,
      6,
      6,
      6,
      7,
      7,
      7,
      7,
      7,
      7,
      7,
      7,
      7,
      8,
      8,
      8,
      8,
      8,
      8,
      8,
      8,
      9,
      9,
      9,
      9,
      9,
      9,
      9,
      9,
      10,
      10,
      10,
      10,
      10,
      10,
      10,
      10
    ],