{
  "round_metrics": {
    "round": [
      1,
      2,
      3,
      4,
      5,
      6,
      7,
      8,
      9,
      10
    ],
    "oracle_mean_reward": [
      7.829529114294574,
      7.515580686707911,
      7.475545500263299,
      7.815274596321327,
      8.037496553004434,
      8.42805077777598,
      7.826996740946875,
      8.122800077970107,
      8.078444761693428,
      8.15338287889157
    ],
    "oracle_max_reward": [
      9.334755397093177,
      9.692951136546055,
      9.93221955127468,
      9.307747992775898,
      11.858319727429278,
      10.192495268605008,
      9.731137427064823,
      10.79545985056742,
      10.062049344676083,
      10.848567146234737
    ],
    "oracle_min_reward": [
      4.309857911940058,
      4.7986084192884215,
      3.940385135925731,
      5.056817850476231,
      4.201388368424555,
      6.4785868701301155,
      0.0,
      4.238381815692456,
      4.3548401586367165,
      5.749326649838147
    ],
    "oracle_std_reward": [
      1.2870049233516747,
      1.0080479434529193,
      1.287600214619962,
      1.0044188967035181,
      1.3506691158340336,
      0.7355973350008299,
      2.059566503979029,
      1.3511329879376721,
      1.185566838476588,
      1.0882989974751949
    ],
    "policy_loss": [],
    "value_loss": [],
    "total_loss": [],
    "learning_rate": [
      0.0002723074641843674,
      0.00019980746418436736,
      0.00011019253581563262,
      3.769253581563263e-05,
      0.0003,
      0.0002723074641843674,
      0.00019980746418436736,
      0.00011019253581563262,
      3.769253581563263e-05,
      0.0003
    ],
    "gradient_norm": [],
    "sequence_diversity": [
      1.0,
      1.0,
      1.0,
      1.0,
      1.0,
      1.0,
      1.0,
      1.0,
      1.0,
      1.0
    ],
    "model_r2_scores": [
      [
        0.6359140413141006,
        0.6340814393994347,
        0.2844625570214857,
        0.2844625570214857,
        0.7441358451313377,
        0.7404859359405506,
        -26.701046293777647,
        0.447932022397976
      ],
      [
        0.6758609733666411,
        0.674188049697231,
        0.7299194120620679,
        0.7372414664223467,
        0.5792295027214064,
        0.41670257321283255,
        0.41670257321283255,
        -0.9251044978058058,
        0.5654341635257966,
        0.5654341635257966,
        0.812801512539721
      ],
      [
        0.6993219231005516,
        0.6961440337239487,
        0.8248357352850357,
        0.8247462146291742,
        0.6918294684604219,
        0.489295651851234,
        0.489295651851234,
        -0.6817275225198739,
        0.6228952416139577,
        0.6228952416139577,
        0.8568637677966006
      ],
      [
        0.7319511914033431,
        0.7243834616251973,
        0.7874499717351725,
        0.786709890649235,
        0.7574142549778273,
        0.4833692329196653,
        0.4833692329196653,
        -0.9016982266397513,
        0.6584731685840011,
        0.6584731685840011,
        0.846612194846507
      ],
      [
        0.7280801685100915,
        0.7234342735333661,
        0.8337735501743581,
        0.8363706421351674,
        0.7704424722836807,
        0.4979721773990363,
        0.4979721773990363,
        -0.4878376312661423,
        0.6767841956331938,
        0.6767841956331938,
        0.8587954249570251
      ],
      [
        0.7248695123067892,
        0.7260558769547242,
        0.8256957832829567,
        0.8253121082654058,
        0.7431621909792245,
        0.4365731045962963,
        0.4365731045962963,
        -0.7879623745495803,
        0.6825967614773214,
        0.6825967614773214,
        0.8898369843076654
      ],
      [
        0.7620483328204924,
        0.7612868500357749,
        0.8561965050066247,
        0.8517961712656288,
        0.7986134083947048,
        0.4475526272310816,
        0.4475526272310816,
        -0.2683116694102064,
        0.7285969189082786,
        0.7285969189082786,
        0.8980796028197728
      ],
      [
        0.7981227429748159,
        0.8034730404682241,
        0.8695329434548109,
        0.8692933701428528,
        0.7998389673761425,
        0.4811045654261911,
        0.4811045654261911,
        -0.1598167957646206,
        0.7366452632779954,
        0.7366452632779954,
        0.9085017768564242
      ],
      [
        0.8059193035745098,
        0.8016539718290726,
        0.8761892701445644,
        0.8762804279640507,
        0.817371412623414,
        0.817371412623414,
        -0.04534044783720499,
        -0.1688269149139367,
        0.7373822176855667,
        0.7373822176855667,
        0.4794127416118784,
        0.4794127416118784,
        0.90721798008405,
        -61.87615710677174
      ],
      [
        0.8203825909809639,
        0.8103730792427818,
        0.887270335683955,
        0.8884776386041796,
        0.8311567379930507,
        0.8311567379930507,
        -0.06095566832751018,
        0.049722494870646484,
        0.7670923395944615,
        0.7670923395944615,
        0.5285385421632373,
        0.5285385421632373,
        0.9206657084597438,
        -58.44929268510276
      ]
    ],
    "model_prediction_error": [],
    "exploration_rate": [
      0.3,
      0.3,
      0.3,
      0.28,
      0.25,
      0.22000000000000003,
      0.19000000000000003,
      0.08000000000000002,
      0.065,
      0.05000000000000002
    ],
    "kl_divergence": [],
    "entropy": [],
    "advantage_mean": [],
    "advantage_std": [],
    "value_accuracy": [],
    "timestamp": [
      "2025-08-20T19:44:40.547849",
      "2025-08-20T19:44:52.131016",
      "2025-08-20T19:45:07.836571",
      "2025-08-20T19:45:22.108706",
      "2025-08-20T19:45:35.713535",
      "2025-08-20T19:45:49.714946",
      "2025-08-20T19:46:04.584877",
      "2025-08-20T19:46:20.449365",
      "2025-08-20T19:46:39.892722",
      "2025-08-20T19:46:59.861625"
    ]
  },
  "update_metrics": {
    "update_idx": [
      0,
      1,
      2,
      3,
      4,
      5,
      6,
      7,
      0,
      1,
      0,
      1,
      0,
      1,
      0,
      0,
      0,
      0,
      0,
      0,
      0,
      1,
      0,
      1,
      0,
      1,
      2,
      3,
      4,
      5,
      6,
      7,
      0,
      1,
      0,
      1,
      0,
      1,
      0,
      1,
      0,
      1,
      0,
      1,
      2,
      3,
      0,
      1,
      0,
      1,
      0,
      1,
      0,
      1,
      0,
      1,
      0,
      0,
      0,
      0,
      0,
      0,
      0,
      0,
      0,
      0,
      0,
      0,
      0,
      0,
      0,
      0,
      0,
      0,
      0,
      0,
      0,
      0,
      0,
      0,
      0,
      0,
      0,
      1,
      0,
      1,
      0,
      0,
      1,
      0,
      0,
      0,
      0,
      0,
      0
    ],
    "round": [
      1,
      1,
      1,
      1,
      1,
      1,
      1,
      1,
      1,
      1,
      1,
      1,
      1,
      1,
      1,
      1,
      2,
      2,
      2,
      2,
      2,
      2,
      2,
      2,
      3,
      3,
      3,
      3,
      3,
      3,
      3,
      3,
      3,
      3,
      3,
      3,
      3,
      3,
      3,
      3,
      3,
      3,
      4,
      4,
      4,
      4,
      4,
      4,
      4,
      4,
      4,
      4,
      4,
      4,
      4,
      4,
      5,
      5,
      5,
      5,
      5,
      5,
      6,
      6,
      6,
      6,
      6,
      6,
      7,
      7,
      7,
      7,
      7,
      7,
      8,
      8,
      8,
      8,
      8,
      8,
      9,
      9,
      9,
      9,
      9,
      9,
      9,
      9,
      9,
      10,
      10,
      10,
      10,
      10,
      10
    ],